<server>
  
	<library id="DB2JCC4Lib">
		<fileset dir="${shared.resource.dir}/db2" includes="db2jcc4.jar db2jcc_license_cu.jar"/>
	</library>
	
	<library id="NZJDBCLib">
   		<fileset dir="${shared.resource.dir}/netezza" includes="nzjdbc.jar"/>
	</library>
    
   
    
    <dataSource id="DBDM DEV DB2" jndiName="jdbc/dbdm_webm_dev" type="javax.sql.DataSource">
	    <jdbcDriver libraryRef="DB2JCC4Lib"/>
	    <properties.db2.jcc serverName="devdb04.webmaster.ibm.com" portNumber="50001" databaseName="DBDMD"
	    	user="dbdmup" password="{aes}AGG1rwbqQRUGa7Dlmrc+9Loj435JHn3V+k7BQ5+KVLqL"/>
    </dataSource>
    <dataSource id="DBDM DEV DB2 Secure Gateway" jndiName="jdbc/dbdm_webm_dev_SG" type="javax.sql.DataSource">
	    <jdbcDriver libraryRef="DB2JCC4Lib"/>
	    <properties.db2.jcc serverName="cio-sg-02.integration.ibmcloud.com" portNumber="15151" databaseName="DBDMD"
	    	user="dbdmup" password="{aes}AGG1rwbqQRUGa7Dlmrc+9Loj435JHn3V+k7BQ5+KVLqL"/>
    </dataSource>
    
    <dataSource id="DBDM PROD DB2" jndiName="jdbc/dbdm_webm_prod" type="javax.sql.DataSource">
	    <jdbcDriver libraryRef="DB2JCC4Lib"/>
	    <properties.db2.jcc serverName="devdb06.webmaster.ibm.com" portNumber="50001" databaseName="DBDMP"
	    	user="dbdmup" password="{aes}AGbeVQZoDuGAYkqc61jgJfWjkNUXPx5k/RuAUCWz6o26"/>
    </dataSource>
    <dataSource id="DBDM PROD DB2 Secure Gateway" jndiName="jdbc/dbdm_webm_prod_SG" type="javax.sql.DataSource">
	    <jdbcDriver libraryRef="DB2JCC4Lib"/>
	    <properties.db2.jcc serverName="cio-sg-02.integration.ibmcloud.com" portNumber="15141" databaseName="DBDMP"
	    	user="dbdmup" password="{aes}AGbeVQZoDuGAYkqc61jgJfWjkNUXPx5k/RuAUCWz6o26"/>
    </dataSource>
    
    <dataSource id="DBDM PROD DB21" jndiName="jdbc/dbdm_webm_prod_rampp" type="javax.sql.DataSource">
		<jdbcDriver libraryRef="DB2JCC4Lib"/>
		<properties.db2.jcc serverName="devdb06.webmaster.ibm.com" portNumber="50001" databaseName="RAMPP"
			user="rampetl" password="{aes}ALaGpWTWtvwDEr3ySvebQghusUnt43rad7OrBSzmGR6d" />
    </dataSource>
    
    <dataSource id="DAW2.0 DashDb" jndiName="jdbc/daw2_dashdb" type="javax.sql.DataSource">
	    <jdbcDriver libraryRef="DB2JCC4Lib"/>
	    <properties.db2.jcc serverName="dashdb-enterprise-yp-dal13-04.services.dal.bluemix.net" portNumber="50000" databaseName="BLUDB"
	    	user="dbpuprdup" password="{aes}AEISHTFNBzI7zJ+Km0AtFeDgDsdQgongLmlypK8s6kK4d++xcHbG2rvhH14pbfoXRw=="/>
    </dataSource>
    
    <dataSource id="DigitalRegistry DashDb" jndiName="jdbc/digitalregistry_dashdb" type="javax.sql.DataSource">
	    <jdbcDriver libraryRef="DB2JCC4Lib"/>
	    <properties.db2.jcc serverName="dashdb-entry-yp-dal09-09.services.dal.bluemix.net" portNumber="50000" databaseName="BLUDB"
	    	user="dash6529" password="{aes}APL6tq1S6TZL7GqDDky5GO3A25BthWeOYlLf1KZ9fPNM7fW9N/NxhLcg550ZFOWExQ=="/>
    </dataSource>
    
    <dataSource id="DigitalRegistry Interlock DashDb" jndiName="jdbc/digitalregistry_interlock_dashdb" type="javax.sql.DataSource">
	    <jdbcDriver libraryRef="DB2JCC4Lib"/>
	    <properties.db2.jcc serverName="dashdb-entry-yp-dal09-07.services.dal.bluemix.net" portNumber="50000" databaseName="BLUDB"
	    	user="dash7158" password="{aes}AMuyFoxCM91VYSnQoIbKzXGkgX4UACo25M+tmKqa5RCyJCGVBpmX2IyPn2+bgCd4Og==" />
    </dataSource>
 
     <dataSource id="Universal Profile Streaming DashDb" jndiName="jdbc/universalprofilestream_dashdb" type="javax.sql.DataSource">
	    <jdbcDriver libraryRef="DB2JCC4Lib"/>
	    <properties.db2.jcc serverName="dashdb-entry-yp-dal10-02.services.dal.bluemix.net" portNumber="50000" databaseName="BLUDB"
	    	user="dash105514" password="{aes}ADMCzx2YomcEH+JbWy3xUg6ZEk/6u8Jn413ArkCXVfv0VbGpj8y692w2+jhBQMul6Q==" />
    </dataSource>
	<dataSource id="ESL BlueCloud DB2 DEV DBDMD dbdmrd" jndiName="jdbc/esl_bluecloud_dev_dbdmrd" type="javax.sql.DataSource">
	    <jdbcDriver libraryRef="DB2JCC4Lib"/>
	    <properties.db2.jcc serverName="devdb.webmaster.ibm.com" portNumber="50000" databaseName="DBDMD"
	    	user="dbdmrd" password="{aes}AEnf3yA1IyB32UAvkBhTsbgpFtxGqGmAN2OU1Pak44Sf"/>
    </dataSource>
    <dataSource id="ESL BlueCloud DB2 DEV DBDMD dbdmrd Secure Gateway" jndiName="jdbc/esl_bluecloud_dev_dbdmrd_SG" type="javax.sql.DataSource">
	    <jdbcDriver libraryRef="DB2JCC4Lib"/>
	    <properties.db2.jcc serverName="cio-sg-02.integration.ibmcloud.com" portNumber="15487" databaseName="DBDMD"
	    	user="dbdmrd" password="{aes}AEnf3yA1IyB32UAvkBhTsbgpFtxGqGmAN2OU1Pak44Sf"/>
    </dataSource>

    <dataSource id="ESL BlueCloud DB2 DEV DBDMD dbdmup" jndiName="jdbc/esl_bluecloud_dev_dbdmup" type="javax.sql.DataSource">
	    <jdbcDriver libraryRef="DB2JCC4Lib"/>
	    <properties.db2.jcc serverName="devdb.webmaster.ibm.com" portNumber="50000" databaseName="DBDMD"
	    	user="dbdmup" password="{aes}AKoY3K8l6/Tovo3t5Z3kBf6b9AB7JKqzE4EohSz6UvyQ"/>
    </dataSource>
    <dataSource id="ESL BlueCloud DB2 DEV DBDMD dbdmup Secure Gateway" jndiName="jdbc/esl_bluecloud_dev_dbdmup_SG" type="javax.sql.DataSource">
	    <jdbcDriver libraryRef="DB2JCC4Lib"/>
	    <properties.db2.jcc serverName="cio-sg-02.integration.ibmcloud.com" portNumber="15487" databaseName="DBDMD"
	    	user="dbdmup" password="{aes}AKoY3K8l6/Tovo3t5Z3kBf6b9AB7JKqzE4EohSz6UvyQ"/>
    </dataSource>

	<dataSource id="ESL BlueCloud DB2 PROD DBDMP dbdmrd" jndiName="jdbc/esl_bluecloud_prod_dbdmrd" type="javax.sql.DataSource">
	    <jdbcDriver libraryRef="DB2JCC4Lib"/>
	    <properties.db2.jcc serverName="proddb.webmaster.ibm.com" portNumber="50000" databaseName="DBDMP"
	    	user="dbdmrd" password="{aes}ALebWUXa0UqqEcmmHnvo9n7DHLjahCr7WTK0T8/yE/hp"/>
    </dataSource>
    <dataSource id="ESL BlueCloud DB2 PROD DBDMP dbdmrd Secure Gateway" jndiName="jdbc/esl_bluecloud_prod_dbdmrd_SG" type="javax.sql.DataSource">
	    <jdbcDriver libraryRef="DB2JCC4Lib"/>
	    <properties.db2.jcc serverName="cio-sg-01.integration.ibmcloud.com" portNumber="15149" databaseName="DBDMP"
	    	user="dbdmrd" password="{aes}ALebWUXa0UqqEcmmHnvo9n7DHLjahCr7WTK0T8/yE/hp"/>
    </dataSource>
	
	<dataSource id="ESL BlueCloud DB2 PROD DBDMP ramprd" jndiName="jdbc/esl_bluecloud_prod_ramprd" type="javax.sql.DataSource">
	    <jdbcDriver libraryRef="DB2JCC4Lib"/>
	    <properties.db2.jcc serverName="proddb.webmaster.ibm.com" portNumber="50000" databaseName="DBDMP"
	    	user="dbdmup" password="{aes}AABUp3S2cs6XGVjjBEHOGqtNGIfT63LqkEPlm5sGqZfp"/>
    </dataSource>
    <dataSource id="ESL BlueCloud DB2 PROD DBDMP ramprd Secure Gateway" jndiName="jdbc/esl_bluecloud_prod_ramprd_SG" type="javax.sql.DataSource">
	    <jdbcDriver libraryRef="DB2JCC4Lib"/>
	    <properties.db2.jcc serverName="cio-sg-01.integration.ibmcloud.com" portNumber="15149" databaseName="DBDMP"
	    	user="dbdmup" password="{aes}AABUp3S2cs6XGVjjBEHOGqtNGIfT63LqkEPlm5sGqZfp"/>
    </dataSource>
	
	<dataSource id="MPW IIW PROD" jndiName="jdbc/mpw_iiw_prod" type="javax.sql.DataSource">
	    <jdbcDriver javax.sql.DataSource="org.netezza.datasource.NzDatasource" libraryRef="NZJDBCLib"/>
	    <properties host="bacc-pda2-host1.portsmouth.uk.ibm.com" port="5480" database="BACC_PRD_IDM_IIW"
	    	user="mpw2dbdm" password="{aes}AE358V2JMwTu/RuJFsVCdnag+1/eR+HfnW7qnnHvdllg" />
    </dataSource>
    <dataSource id="MPW IIW PROD Secure Gateway" jndiName="jdbc/mpw_iiw_prod_SG" type="javax.sql.DataSource">
	    <jdbcDriver javax.sql.DataSource="org.netezza.datasource.NzDatasource" libraryRef="NZJDBCLib"/>
	    <properties host="cio-sg-01.integration.ibmcloud.com" port="15367" database="BACC_PRD_IDM_IIW"
	    	user="mpw2dbdm" password="{aes}AE358V2JMwTu/RuJFsVCdnag+1/eR+HfnW7qnnHvdllg" />
    </dataSource>
    <dataSource id="Whoc Db" jndiName="jdbc/whoc_flex_prod" type="javax.sql.DataSource">
   <jdbcDriver libraryRef="DB2JCC4Lib"/>
   <properties.db2.jcc databaseName="BLUDB" password="{aes}AAdxGD9zV/j1twagEIZK70/p5Qg5WZOaGFicQ8ZfpQRPn3fp3ZRB9EbJzIG4UY/44g==" portNumber="50000" serverName="db2whoc-flex-hlmokby.services.dal.bluemix.net" user="regpup"/>
    </dataSource>
    <dataSource id="Segment DashDb" jndiName="jdbc/segment_dashdb" type="javax.sql.DataSource">
   <jdbcDriver libraryRef="DB2JCC4Lib"/>
   <properties.db2.jcc databaseName="BLUDB" password="{aes}AHyQLaEnSYJsDxHTGIdKt5Ezqg0rRssdh8h7im0D0LSfMBqjQcZB3gx/3+PE9LKPFw==" portNumber="50000" serverName="dashdb-enterprise-yp-lon02-07.services.eu-gb.bluemix.net" user="sgmtusr"/>
    </dataSource>
    </server>
