<server>
 
    <featureManager>
        <feature>beanValidation-1.1</feature>
        <feature>cdi-1.2</feature>
        <feature>ejbLite-3.2</feature>
        <feature>el-3.0</feature>
        <feature>jaxrs-2.0</feature>
        <feature>jdbc-4.1</feature>
        <feature>jndi-1.0</feature>
        <feature>jpa-2.1</feature>
        <feature>jsf-2.2</feature>
        <feature>jsonp-1.0</feature>
        <feature>jsp-2.3</feature>
        <feature>managedBeans-1.0</feature>
        <feature>servlet-3.1</feature>
        <feature>websocket-1.1</feature>
        <feature>icap:managementConnector-1.0</feature>
        <feature>appstate-2.0</feature>
    </featureManager>
     <application name='Monitoring' location='Monitoring.war' type='war' context-root='/monitoring'/> 
   <!-- <application name='DBDMDashboard' location='DBDMDashboard.war' type='war' context-root='/dbdm_dashboard'/>--> 
    <cdi12 enableImplicitBeanArchives='false'/>
    <httpEndpoint id='defaultHttpEndpoint' host='127.0.0.1' httpPort='${port}'/>
    <webContainer trustHostHeaderPort='true' extractHostHeaderPort='true'/>
    <include location='runtime-vars.xml'/>
    <logging logDirectory='${application.log.dir}' consoleLogLevel='INFO'/>
    <httpDispatcher enableWelcomePage='false'/>
   <include location="${shared.resource.dir}/datasources.xml"/>

    <applicationMonitor dropinsEnabled='false' updateTrigger='mbean'/>
    <config updateTrigger='polled' monitorInterval='60000ms'/>
    <appstate2 appName='Monitoring'/>
    <!--  <appstate3 appName='DBDMDashboard'/>  -->
</server>  
